{
  "timestamp": "2025-05-23T19:20:07.529648",
  "config": {
    "enable_interactions": true,
    "enable_temporal": true,
    "enable_embedding": true,
    "enable_meta_patch": true,
    "max_features": 150
  },
  "feature_importance": {
    "team1_kills": 0.0,
    "team1_gold": 0.02265621878521551,
    "team1_towers": 0.004143337454748597,
    "team2_kills": 0.018303581785581002,
    "team2_gold": 0.02440222629982136,
    "team2_towers": 0.0,
    "game_duration": 0.005809606724694216,
    "patch_major": 0.0,
    "patch_minor": 0.019523233375820848,
    "days_since_patch": 0.009528470785470144,
    "team1_recent_winrate": 0.0,
    "team1_recent_kda": 0.0,
    "team1_recent_gpm": 0.0,
    "team1_recent_dpm": 0.005269311480722516,
    "team2_recent_winrate": 0.0003688502589374032,
    "team2_recent_kda": 0.0020968791744666593,
    "team2_recent_gpm": 0.0,
    "team2_recent_dpm": 0.0
  },
  "total_features_generated": 18
}